{"requirements":[{"id":"76298bd6-9006-440b-a30f-2703a52c24ed","title":"KG-500","description":"Kullanıcı sisteme giriş yapabilmeli.","createdBy":"can","flag":false,"projectId":"7ef40598-a05b-46e9-983d-99c3e364b74f"},{"id":"32c3c97e-7538-44da-9761-790227594e9c","title":"KG-720","description":"Kullanıcı ... yapabilmeli.","createdBy":"eray","flag":false,"projectId":"7ef40598-a05b-46e9-983d-99c3e364b74f"}],"attributes":[{"id":"a32121db-289b-4812-8dec-cd3ee815331e","header":"Header 1","userRequirementId":"76298bd6-9006-440b-a30f-2703a52c24ed","description":"Acil"}],"headers":[{"header":"Header 1"}]}