{"requirements":[{"id":"ba389d79-d3fd-43be-854a-2b42e3d103d8","title":"SG-735","description":"Yazılım çok güzel olmalı.","createdBy":"sarper","flag":false,"systemRequirementId":"51eadc96-99cf-455d-9a8a-ffe99fd13b61","projectId":"7ef40598-a05b-46e9-983d-99c3e364b74f"},{"id":"db191bda-37de-49e8-9601-aa08791cd575","title":"SG-754","description":"Yazılım mükemmel olmalı.","createdBy":"can","flag":false,"systemRequirementId":"944338d4-202f-4572-b122-e14f820706d0","projectId":"7ef40598-a05b-46e9-983d-99c3e364b74f"}],"attributes":[],"headers":[]}