{"requirements":[{"id":"23a30fe3-2b28-431a-a1b5-4ad38d64d7b3","title":"SG-500","description":"Kullanıcı sisteme giriş yapabilmeli.","createdBy":"can","flag":false,"user_req_id":"76298bd6-9006-440b-a30f-2703a52c24ed","projectId":"7ef40598-a05b-46e9-983d-99c3e364b74f"},{"id":"944338d4-202f-4572-b122-e14f820706d0","title":"SG-501","description":"Kullanıcı sistemden çıkış yapabilmeli.","createdBy":"sarper","flag":false,"user_req_id":"76298bd6-9006-440b-a30f-2703a52c24ed","projectId":"7ef40598-a05b-46e9-983d-99c3e364b74f"}],"attributes":[{"id":"20b4aa9a-d292-4e2c-81f2-b81c8f1277ae","header":"Header 1","systemRequirementId":"23a30fe3-2b28-431a-a1b5-4ad38d64d7b3","description":"Acil"}],"headers":[{"header":"Header 1"}]}